Chord Name,Path
A#7,A#7.jpg
A#7sus4,A#7sus4.jpg
A#Dim,A#Dim.jpg
A,A.jpg
A_bar,A_bar.jpg
A2,A2.jpg
A5,A5.jpg
A7,A7.jpg
A7sus4,A7sus4.jpg
Ab,Ab.jpg
Ab+,Ab+.jpg
Ab7,Ab7.jpg
Abm,Abm.jpg
Abm7,Abm7.jpg
AbMaj7,AbMaj7.jpg
AC#,AC#.jpg
AE,AE.jpg
Am,Am.jpg
Am7,Am7.jpg
Am7-5,Am7-5.jpg
Am9,Am9.jpg
Amaj7,Amaj7.jpg
AmC,AmC.jpg
AminAdd9,AminAdd9.jpg
Ammaj7,Ammaj7.jpg
Am(M7),Ammaj7.jpg
Asus2,Asus2.jpg
Asus4,Asus4.jpg
B,B.jpg
B7,B7.jpg
B7_bar_chord,B7_bar_chord.jpg
B7sus4,B7sus4.jpg
Baug,Baug.jpg
Bb,Bb.jpg
Bb+,Bb+.jpg
Bb6,Bb6.jpg
Bb7,Bb7.jpg
BbDim7,BbDim7.jpg
Bbm,Bbm.jpg
Bbm7,Bbm7.jpg
BbMaj7,BbMaj7.jpg
Bbsus4,Bbsus4.jpg
Bm,Bm.jpg
Bm6,Bm6.jpg
Bm7,Bm7.jpg
BMaj7,BMaj7.jpg
Bsus4,Bsus4.jpg
C#7,C#7.jpg
c#m7,c#m7.jpg
C,C.jpg
C_bar,C_bar.jpg
C+,C+.jpg
C+F#,C+Fsharp.jpg
C2,C2.jpg
C4,C4.jpg
C5,C5.jpg
C5-E,C5-E.jpg
c6,c6.jpg
C6th,C6th.jpg
c7,c7.jpg
C7-9,C7-9.jpg
C7*,C7star.jpg
C7Sus4,C7Sus4.jpg
Cadd9,Cadd9.jpg
Calt,Calt.jpg
CD,CD.jpg
Cdim,Cdim.jpg
Cdim_alt,Cdim_alt.jpg
Cm,Cm.jpg
Cm_alt,Cm_alt.jpg
Cm4,Cm4.jpg
Cm5,Cm5.jpg
Cm6,Cm6.jpg
Cm7,cm7_edit.jpg
Cm9,Cm9.jpg
CmAdd#,CmAdd#.jpg
Cmaj7,Cmaj7t.jpg
Csharpbar,Csharpbar.jpg
C#m,Csharpm.jpg
C#m7,Csharpm7.jpg
Csus4,Csus4.jpg
D#,D#.jpg
D#_bar,D#_bar.jpg
D#m,D#m.jpg
D(a#),D(a#).jpg
D,D.jpg
D_bar,D_bar.jpg
D_bar_chord,D_bar_chord.jpg
D5,D5.jpg
D5_alt,D5_alt.jpg
D5_bar,D5_bar.jpg
D5-7,D5-7.jpg
D6,D6.jpg
D6add9,D6add9.jpg
D7,D7.jpg
D9,D9.jpg
Dadd4,Dadd4.jpg
Daug,Daug.jpg
Db,Db.jpg
Db_bar_chord,Db_bar_chord.jpg
Db7,Db7.jpg
Dbar,Dbar.jpg
DbDim,DbDim.jpg
DE,DE.jpg
Dm,Dm.jpg
Dm7,Dm7.jpg
Dm7_edit,Dm7_edit.jpg
Dm7b5,Dm7b5.jpg
Dmaj7,Dmaj7.jpg
D#,Dsharpbar.jpg
Dsus2,Dsus2.jpg
Dsus4,Dsus4.jpg
Dsus4_alt,Dsus4_alt.jpg
Dsus4_bar,Dsus4_bar.jpg
Dsus4_Edit,Dsus4_Edit.jpg
E,E_edit.jpg
Esus4,E4Sus_alt.jpg
E5,E5.jpg
E6,E6.jpg
E7,E7.jpg
E7_bar,E7_edit.jpg
E7sus,E7sus.jpg
E9,E9.jpg
Ealt,Ealt.jpg
Eaug,Eaug.jpg
Eb,Eb.jpg
Eb-,Eb-.jpg
Eb_edit,Eb_edit.jpg
Eb_F,Eb_F.jpg
Eb5,Eb5.jpg
Eb7,Eb7.jpg
Ebdim,Ebdim.jpg
Ebm,Ebm.jpg
Ebm7,Ebm7.jpg
Ebm7_bar,Ebm7_bar.jpg
Ebm9,Ebm9.jpg
EbMaj,EbMaj.jpg
Ebmaj7,Ebmaj7.jpg
Em,em_edit.jpg
Em6,Em6.jpg
Em7,Em7.jpg
Emaj7,Emaj7.jpg
Emsus4,Emsus4.jpg
Esus4,Esus4.jpg
Esus4_alt,Esus4_alt.jpg
Esus4_edit,Esus4_edit.jpg
F#,F#.jpg
F#5,F#5.jpg
F#7,F#7.jpg
F#aug,F#aug.jpg
F#m,F#m.jpg
F#m7,F#m7.jpg
F,F.jpg
F4,F4.jpg
F6,F6.jpg
F7,F7.jpg
F9,F9.jpg
Fadd9,Fadd9.jpg
FC,FC.jpg
Fdim,Fdim.jpg
Fish,Fish.jpg
Fm,Fm_edit.jpg
Fm+,Fm+.jpg
Fm11,Fm11.jpg
Fm6,Fm6.jpg
Fm7,Fm7.jpg
Fmaj7,fmaj7.jpg
Fmin_alt,Fmin_alt.jpg
F#Dim7,FsharpDim7.jpg
F#m,Fsharpm.jpg
Fsus2,Fsus2.jpg
Fsus4,Fsus4.jpg
G#,G#.jpg
G#_bar,G#_bar.jpg
G#dim,G#dim.jpg
G#m,g#m.jpg
G#m_alt,G#m_alt.jpg
G#m_Bar,G#m_Bar.jpg
G#m7,G#m7.jpg
G,G.jpg
G_A,G_A.jpg
G+,G+.jpg
G69,G69.jpg
G7,G7.jpg
G7sus4,G7Sus4.jpg
Gadd9,Gadd9.jpg
Gb7,Gb7.jpg
Gbdim,Gbdim.jpg
Gbm,Gbm.jpg
Gbm_Bar,Gbm_Bar.jpg
G6,Gbm7.jpg
Gbm7,Gbm7.jpg
Gdim,Gdim.jpg
Gm,gm.jpg
Gm_Bar,Gm_Bar.jpg
Gm7,Gm7.jpg
Gm9,Gm9.jpg
Gmaj7,Gmaj7.jpg
Gsus2,Gsus2.jpg
Gsus4,Gsus4.jpg
